title,source,composer,arranger,instrumentation,duration,year,ensemble,purchaseLink,premiere
Title Screen,The Legend of Zelda: Ocarina of Time,Koji Kondo,Daniel Kim,"Flute, Clarinet, Bassoon, Piano","3'00""",2023,Quartet,-,Nintendo Cafe
Main Theme,The Legend of Zelda,Koji Kondo,Daniel Kim,"Flute, Clarinet, Bassoon, Piano","3'30""",2023,Quartet,-,Nintendo Cafe
New Horizons Variations,Animal Crossing: New Horizons,Kazumi Totaka,Daniel Kim,"Flute, Clarinet, Bassoon, Piano","17'00""",2022,Quartet,-,AMP x AARC
Mii Plaza,Nintendo Wii,Kazumi Totaka,Daniel Kim,"Flute, Clarinet, Bassoon, Piano","2'00""",2023,Quartet,-,Nintendo Cafe
Gusty Garden Galaxy,Super Mario Galaxy,Mahito Yokota,Daniel Kim,"Flute, Clarinet, Bassoon, Piano","4'30""",2023,Quartet,-,Nintendo Cafe
Green Greens,Kirby's Dream Land,Jun Ishikawa,Daniel Kim,"Flute, Clarinet, Bassoon, Piano","2'00""",2023,Quartet,-,Nintendo Cafe
Bubblegum K.K.,Animal Crossing: New Horizons,Kazumi Totaka,Daniel Kim,"Flute, Clarinet, Bassoon, Piano",,2022,Quartet,-,AMP x AARC
Every Summertime,Shang-Chi and the Legend of the Ten Rings,Niki,Lindsay Chu,"Flute, Piano",-,2022,Duet,-,A Studio Ghibli Tribute
My Neighbor Totoro Medley (Extended),My Neighbor Totoro,Joe Hisaishi,Daniel Kim,"Flute, Cello, Piano","5'00""",2022,Trio,-,A Studio Ghibli Tribute
Laputa: Castle in the Sky,Laputa: Castle in the Sky,Joe Hisaishi,Daniel Kim,"Flute, Cello, Piano",-,2022,Trio,-,A Studio Ghibli Tribute
Summer,-,Joe Hisaishi,Daniel Kim,"Flute, Cello, Piano","3'30""",2022,Trio,https://www.sheetmusicplus.com/title/summer-digital-sheet-music/22486762,A Studio Ghibli Tribute
Ponyo Medley,Ponyo on the Cliff,Joe Hisaishi,Daniel Kim,"Flute, Cello, Piano","6'00""",2022,Trio,-,A Studio Ghibli Tribute
Merry-Go-Round of Life,Howl's Moving Castle,Joe Hisaishi,Daniel Kim,"Flute, Cello, Piano","3'30""",2022,Trio,https://www.sheetmusicplus.com/title/merry-go-round-of-life-digital-sheet-music/22486772,A Studio Ghibli Tribute
The Avatar's Love,Avatar: The Last Airbender,Jeremy Zuckerman,Daniel Kim,"Flute, Cello, Piano","1'30""",2022,Trio,-,A Studio Ghibli Tribute
Ashitaka and San,Princess Mononoke,Joe Hisaishi,Daniel Kim,"Flute, Cello, Piano","5'30""",2022,Trio,-,A Studio Ghibli Tribute
Princess Mononoke Medley,Princess Mononoke,Joe Hisaishi,Daniel Kim,"Flute, Cello, Piano","6'00""",2022,Trio,-,A Studio Ghibli Tribute
The Sixth Station,Spirited Away,Joe Hisaishi,Daniel Kim,"Flute, Cello, Piano","4'00""",2022,Trio,-,A Studio Ghibli Tribute
Spirited Away Medley,Spirited Away,Joe Hisaishi,Daniel Kim,"Flute, Cello, Piano","4'30""",2022,Trio,-,A Studio Ghibli Tribute
Nostalgia,-,Joe Hisaishi,Daniel Kim,"Flute, Cello, Piano","3'30""",2022,Trio,-,A Studio Ghibli Tribute
Porco Rosso Medley,Porco Rosso,Joe Hisaishi,Daniel Kim,"Flute, Cello, Piano","5'00""",2022,Trio,-,A Studio Ghibli Tribute
Kiki's Delivery Service Medley (Extended),Kiki's Delivery Service,Joe Hisaishi,Daniel Kim,"Flute, Cello, Piano","6'30""",2022,Trio,-,A Studio Ghibli Tribute
Galactic Suite,-,Daniel Kim,-,"Flute, Clarinet, Piano","35'00""",2022,Trio,-,AMP x GAAACC
Reprise,Spirited Away,Joe Hisaishi,Daniel Kim,"Flute, Cello, Piano","4'30""",2022,Trio,https://www.sheetmusicplus.com/title/reprise-digital-sheet-music/22486785,A Studio Ghibli Tribute
On a Clear Day,Kiki's Delivery Service,Joe Hisaishi,Daniel Kim,"Flute, Cello, Piano","2'00""",2022,Trio,https://www.sheetmusicplus.com/title/kiki-s-delivery-service-on-a-clear-day-digital-sheet-music/22487175,A Studio Ghibli Tribute
Theme of Violet Evergarden,Violet Evergarden,Evan Call,Daniel Kim,"Flute, Violin, Piano","3'00""",2026,Trio,https://www.sheetmusicplus.com/en/product/theme-of-violet-evergarden-23683946.html,Magic Garden
Time Flows Ever Onward,Frieren: Beyond Journey's End,Evan Call,Daniel Kim,"Flute, Violin, Piano","2'00""",2026,Trio,https://www.sheetmusicplus.com/en/product/time-flows-ever-onward-23683960.html,Magic Garden
Never Coming Back,Violet Evergarden,Evan Call,Daniel Kim,"Flute, Violin, Piano","2'30""",2026,Trio,https://www.sheetmusicplus.com/en/product/never-coming-back-23683952.html,Magic Garden
Torment,Violet Evergarden,Evan Call,Daniel Kim,"Flute, Violin, Piano","2'30""",2026,Trio,https://www.sheetmusicplus.com/en/product/torment-23683938.html,Magic Garden
The Ultimate Price,Violet Evergarden,Evan Call,Daniel Kim,"Flute, Violin, Piano","3'00""",2026,Trio,https://www.sheetmusicplus.com/en/product/the-ultimate-price-23683948.html,Magic Garden
Across the Violet Sky,Violet Evergarden,Evan Call,Daniel Kim,"Flute, Violin, Piano","3'00""",2026,Trio,https://www.sheetmusicplus.com/en/product/across-the-violet-sky-23683951.html,Magic Garden
Journey of a Lifetime,Frieren: Beyond Journey's End,Evan Call,Daniel Kim,"Flute, Violin, Piano","3'00""",2026,Trio,https://www.sheetmusicplus.com/en/product/journey-of-a-lifetime-frieren-main-theme-23683959.html,Magic Garden
Waltz for Stark and Fern,Frieren: Beyond Journey's End,Evan Call,Daniel Kim,"Flute, Violin, Piano","5'00""",2026,Trio,https://www.sheetmusicplus.com/en/product/waltz-for-stark-and-fern-23683957.html,Magic Garden
Fractured,-,Daniel Kim,-,"Flute, Violin, Piano","4'00""",2026,Trio,https://www.sheetmusicplus.com/en/product/fractured-23683953.html,Magic Garden
Frieren the Slayer,Frieren: Beyond Journey's End,Evan Call,Daniel Kim,"Flute, Violin, Piano","4'00""",2026,Trio,https://www.sheetmusicplus.com/en/product/frieren-the-slayer-23683958.html,Magic Garden
Zoltraak,Frieren: Beyond Journey's End,Evan Call,Daniel Kim,"Flute, Violin, Piano","4'00""",2026,Trio,https://www.sheetmusicplus.com/en/product/zoltraak-23683954.html,Magic Garden
Frieren Medley,Frieren: Beyond Journey's End,Evan Call,Daniel Kim,"Flute, Violin, Piano","6'00""",2026,Trio,https://www.sheetmusicplus.com/en/product/journey-of-a-lifetime-frieren-main-theme-23683961.html,Magic Garden
Merry-Go-Round of Life,Howl's Moving Castle,Joe Hisaishi,Jingchao Wang,"Flute, Cello, Piano","3'00""",2022,Trio,-,A Studio Ghibli Tribute
Princess Mononoke Medley,Princess Mononoke,Joe Hisaishi,Jingchao Wang,"Flute, Cello, Piano","4'30""",2022,Trio,-,A Studio Ghibli Tribute
Ashitaka and San,Princess Mononoke,Joe Hisaishi,Jingchao Wang,"Flute, Cello, Piano",-,2022,Trio,-,A Studio Ghibli Tribute
Deep Sea Ranch & Mother Sea,Ponyo on the Cliff,Joe Hisaishi,Jingchao Wang,"Flute, Cello, Piano","4'00""",2022,Trio,-,A Studio Ghibli Tribute
The Dragon Boy,Spirited Away,Joe Hisaishi,Daniel Kim,"Flute, Cello, Piano","2'00""",2022,Trio,-,A Studio Ghibli Tribute
One Summer's Day,Spirited Away,Joe Hisaishi,Daniel Kim,"Flute, Cello, Piano","5'00""",2022,Trio,-,A Studio Ghibli Tribute
Town with an Ocean View,Kiki's Delivery Service,Joe Hisaishi,Daniel Kim,"Flute, Cello, Piano","3'00""",2022,Trio,-,A Studio Ghibli Tribute
Kiki's Delivery Service Medley,Kiki's Delivery Service,Joe Hisaishi,Daniel Kim,"Flute, Cello, Piano","2'00""",2022,Trio,-,A Studio Ghibli Tribute
My Neighbor Totoro Medley,My Neighbor Totoro,Joe Hisaishi,Daniel Kim,"Flute, Cello, Piano","3'00""",2022,Trio,-,A Studio Ghibli Tribute